{
  "rotation_vector": [
    [
      -0.5863038530810336
    ],
    [
      0.7640798289647297
    ],
    [
      0.029637217172802155
    ]
  ],
  "translation_vector": [
    [
      -52.57838786503194
    ],
    [
      -30.439356894481673
    ],
    [
      60875.124543430255
    ]
  ],
  "rotation_matrix": [
    [
      0.7295824740257164,
      -0.23244800207401642,
      0.6431775337543383
    ],
    [
      -0.18192927422037516,
      0.8406110335419292,
      0.5101713726476791
    ],
    [
      -0.6592504476874949,
      -0.489224914144167,
      0.5710059812335331
    ]
  ],
  "distance_mm": 60875.124543430255,
  "distance_cm": 6087.512454343026,
  "distance_m": 60.87512454343025,
  "euler_angles_deg": [
    -40.58921553533507,
    41.24273269874714,
    -14.001769503398187
  ],
  "reprojection_error": 0.35365888476371765,
  "method": "\u706f\u6761\u4e2d\u5fc3\u70b9\u65b9\u6cd5",
  "armor_size_mm": {
    "width": 100.0,
    "height": 50.0
  }
}