{
  "camera_matrix": [
    [
      120245.53760760304,
      0.0,
      359.5733731628928
    ],
    [
      0.0,
      120245.26302485065,
      269.391322064041
    ],
    [
      0.0,
      0.0,
      1.0
    ]
  ],
  "dist_coeffs": [
    [
      0.6844380031086132,
      3.917554931759632e-06,
      -0.00043827805645915176,
      0.0004983131796861655,
      1.971187743260816e-11
    ]
  ],
  "reprojection_error": {
    "mean_error": 0.0004838713245305991,
    "per_image_errors": [
      0.0015192304595666103,
      0.0001897508646805514,
      0.00020683132595839915,
      1.967264791683559e-05
    ],
    "quality": "\u4f18\u79c0"
  },
  "validation": {
    "focal_length": {
      "fx": 120245.53760760304,
      "fy": 120245.26302485065,
      "average": 120245.40031622685,
      "expected_range": [
        375.5,
        1502.0
      ],
      "valid": false
    },
    "principal_point": {
      "cx": 359.5733731628928,
      "cy": 269.391322064041,
      "image_center": [
        375.5,
        282.5
      ],
      "offset": [
        15.926626837107221,
        13.108677935959008
      ],
      "valid": true
    },
    "distortion": {
      "coefficients": [
        0.6844380031086132,
        3.917554931759632e-06,
        -0.00043827805645915176,
        0.0004983131796861655,
        1.971187743260816e-11
      ],
      "valid": true
    }
  },
  "square_size_mm": 1.0,
  "chessboard_size": [
    9,
    6
  ],
  "num_images": 4
}