{
  "rotation_vector": [
    [
      -0.22264149202836125
    ],
    [
      -0.0008198152783481954
    ],
    [
      -9.286223211964338e-05
    ]
  ],
  "translation_vector": [
    [
      -82.70528042388827
    ],
    [
      -49.49834910903136
    ],
    [
      99376.49423742334
    ]
  ],
  "rotation_matrix": [
    [
      0.9999996610434055,
      0.0001829830173046555,
      -0.0008027641555054352
    ],
    [
      -1.2108544559965954e-06,
      0.9753175906480884,
      0.22080669684350973
    ],
    [
      0.0008233538776357082,
      -0.2208066210275932,
      0.9753172602793252
    ]
  ],
  "distance_mm": 99376.54098010561,
  "distance_cm": 9937.65409801056,
  "distance_m": 99.3765409801056,
  "euler_angles_deg": [
    -12.756418530998053,
    -0.0471747075643049,
    -6.937687344892902e-05
  ]
}